{
  "initial_capital": 10000.0,
  "final_capital": 8928.995309267786,
  "total_pnl": -1071.0046907322148,
  "return_pct": -10.710046907322148,
  "total_trades": 72,
  "total_fees": 506.96311731914113,
  "winning_trades": 19,
  "losing_trades": 53,
  "win_rate": 26.38888888888889,
  "avg_win": 210.24186607137358,
  "avg_loss": -95.5773612469493,
  "expectancy": -14.875065149058543,
  "profit_factor": 0.7885729903969521,
  "max_consecutive_wins": 3,
  "max_consecutive_losses": 12,
  "long_trades": 39,
  "long_wins": 9,
  "long_win_rate": 23.076923076923077,
  "short_trades": 33,
  "short_wins": 10,
  "short_win_rate": 30.303030303030305,
  "max_drawdown": 16.005600997330777,
  "max_drawdown_dollar": 1637.3721817468886,
  "sharpe_ratio": -4.634810294867426,
  "sortino_ratio": -2067817956094693.5,
  "calmar_ratio": -0.34362970818261407,
  "volatility": 144.3784371083571,
  "avg_holding_bars": 17.36111111111111,
  "avg_trade_duration": 17.869212962962962,
  "max_trade_duration": 113.83333333333333,
  "min_trade_duration": 1.5833333333333333,
  "avg_leverage": 1.0,
  "exit_reasons": {
    "sl": 53,
    "tp": 19
  }
}