{
  "initial_capital": 10000.0,
  "final_capital": 7558.229021021627,
  "total_pnl": -2441.7709789783726,
  "return_pct": -24.417709789783725,
  "total_trades": 91,
  "total_fees": 596.1235563902165,
  "winning_trades": 23,
  "losing_trades": 68,
  "win_rate": 25.274725274725274,
  "avg_win": 156.10090352645304,
  "avg_loss": -88.70723176598221,
  "expectancy": -26.832648120641437,
  "profit_factor": 0.5952032767248159,
  "max_consecutive_wins": 3,
  "max_consecutive_losses": 12,
  "long_trades": 49,
  "long_wins": 11,
  "long_win_rate": 22.448979591836736,
  "short_trades": 42,
  "short_wins": 12,
  "short_win_rate": 28.57142857142857,
  "max_drawdown": 24.41770978978375,
  "max_drawdown_dollar": 2441.770978978375,
  "sharpe_ratio": -17.35541907258351,
  "sortino_ratio": -6588098021829184.0,
  "calmar_ratio": -0.9009853990976954,
  "volatility": 122.02541401882414,
  "avg_holding_bars": 14.527472527472527,
  "avg_trade_duration": 14.979853479853478,
  "max_trade_duration": 99.5,
  "min_trade_duration": 1.5833333333333333,
  "avg_leverage": 1.0,
  "exit_reasons": {
    "sl": 68,
    "tp": 23
  }
}