{
  "initial_capital": 10000.0,
  "final_capital": 8824.427025894278,
  "total_pnl": -1175.5729741057228,
  "return_pct": -11.755729741057227,
  "total_trades": 28,
  "total_fees": 205.62332274167008,
  "winning_trades": 7,
  "losing_trades": 21,
  "win_rate": 25.0,
  "avg_win": 267.2305221759627,
  "avg_loss": -145.0565061589267,
  "expectancy": -41.98474907520436,
  "profit_factor": 0.6140837324988828,
  "max_consecutive_wins": 2,
  "max_consecutive_losses": 7,
  "long_trades": 14,
  "long_wins": 4,
  "long_win_rate": 28.57142857142857,
  "short_trades": 14,
  "short_wins": 3,
  "short_win_rate": 21.428571428571427,
  "max_drawdown": 15.956870703404451,
  "max_drawdown_dollar": 1655.3125576365255,
  "sharpe_ratio": -18.012341448141516,
  "sortino_ratio": -5474479772420165.0,
  "calmar_ratio": -0.6580237563596765,
  "volatility": 182.3749571624349,
  "avg_holding_bars": 34.142857142857146,
  "avg_trade_duration": 34.62499999999999,
  "max_trade_duration": 159.91666666666666,
  "min_trade_duration": 2.25,
  "avg_leverage": 1.0,
  "exit_reasons": {
    "sl": 21,
    "tp": 7
  }
}